user_id,application_at,loan_outcome,application_year,application_month,application_day,is_weekend,age,cash_incoming_30days,avg_accuracy,max_accuracy,avg_upload_delay,max_upload_delay,longitude,latitude
1,2017-08-14 09:08:50.000000,0,2017,8,14,0,42,8988.12,1105.0845714285715,4434.0,999.1,6735.0,36.84054,-1.294342
2,2016-05-17 10:10:12.447976,1,2016,5,17,0,36,9968.12,48.596,310.59,3810.1,37609.0,36.761261,-1.284719
3,2016-10-20 10:07:20.459081,0,2016,10,20,0,27,59.04,6.5,6.5,12.0,12.0,35.70755,-0.889673
4,2017-01-13 13:03:34.000000,0,2017,1,13,0,38,2129.03,2172.2,4292.0,73.5,83.0,36.069293,-0.299025
5,2016-11-03 15:41:39.124610,1,2016,11,3,0,33,2102.53,43.46111111111111,96.0,178.33333333333334,716.0,-73.903518,41.701694
6,2018-02-25 14:43:24.000000,0,2018,2,25,1,42,9305.85,2501.196551724138,4801.0,186.68965517241378,1871.0,34.728744,-0.066364
7,2016-07-11 14:07:46.202826,1,2016,7,11,0,28,2726.06,0.0,0.0,0.0,0.0,36.8169925,-1.2636690000000002
8,2017-02-20 16:22:44.000000,0,2017,2,20,0,25,6530.59,2082.542335766423,4388.0,1020.5109489051094,34953.0,34.805034,-0.079304
9,2018-01-03 16:21:38.000000,0,2018,1,3,0,25,1715.96,329.8209090909091,1800.0,51.0,662.0,36.760008,-1.39595
10,2018-02-01 11:24:01.000000,1,2018,2,1,0,34,9260.69,2235.1458333333335,4925.0,1961.5833333333333,16687.0,34.75894,0.596062
11,2017-01-31 06:06:29.000000,1,2017,1,31,0,32,4450.94,17.585,25.0,0.5,12.0,36.956551,-1.30881
12,2018-08-04 03:05:50.000000,1,2018,8,4,1,58,11278.26,1243.964859813084,4834.0,154.54205607476635,5401.0,36.876389,-1.318559
13,2018-09-28 12:22:32.000000,0,2018,9,28,0,62,12004.11,1936.4283333333335,3500.0,13.119047619047619,785.0,34.274128,0.07627
14,2017-12-15 20:09:28.000000,1,2017,12,15,0,25,3735.56,147.4745652173913,2100.0,15168.065217391304,150797.0,36.730765,-1.307843
15,2016-12-15 06:15:31.000000,1,2016,12,15,0,21,12906.77,110.72050000000002,1800.0,10055.95,35975.0,36.822605,-1.277864
16,2017-06-08 06:32:33.000000,1,2017,6,8,0,22,8167.19,545.7765517241379,3804.0,350.9310344827586,5895.0,36.747113,-1.281035
17,2018-04-12 17:21:54.000000,1,2018,4,12,0,22,2406.99,1248.2826086956522,3470.0,695.0144927536232,11319.0,36.939832,-0.416144
18,2017-03-05 07:32:18.000000,0,2017,3,5,1,53,2234.82,0.0,0.0,0.0,0.0,36.8169925,-1.2636690000000002
19,2017-01-24 13:36:42.000000,1,2017,1,24,0,25,22413.3,675.9507142857143,3364.0,167.9047619047619,4563.0,36.8489,-1.299482
20,2018-09-17 10:30:08.000000,0,2018,9,17,0,31,9047.51,42.265,91.04,2.0,3.0,36.86261,-1.305611
21,2018-11-20 07:24:53.000000,1,2018,11,20,0,39,4406.11,15.765,16.62,6.0,8.0,39.649226,-4.018391
22,2018-09-26 16:36:13.000000,0,2018,9,26,0,32,8202.92,409.79717391304354,2478.0,4299.695652173913,42120.0,37.007135,-1.459915
23,2017-08-11 04:38:05.000000,0,2017,8,11,0,21,13612.49,1533.0008620689655,3757.0,2943.137931034483,43070.0,35.24619,0.527447
24,2018-08-23 05:34:43.000000,1,2018,8,23,0,31,22526.55,129.57316666666668,1700.0,85.33333333333333,1940.0,36.870553,-1.302786
25,2016-03-13 19:18:20.597393,1,2016,3,13,1,50,1592.98,406.9047619047619,1708.0,8264.0,35125.0,36.800214,-1.278666
26,2018-02-21 09:38:01.000000,1,2018,2,21,0,44,3226.42,1508.8648611111112,3800.0,1788.5555555555557,46515.0,35.87062,-1.10773
27,2018-06-05 09:27:02.000000,1,2018,6,5,0,38,2543.2,2732.703027522936,4427.0,148.56880733944953,1837.0,35.52638,-0.970481
28,2016-12-30 13:59:12.000000,0,2016,12,30,0,65,3219.04,0.0,0.0,0.0,0.0,36.8169925,-1.2636690000000002
29,2015-06-29 15:30:55.000000,1,2015,6,29,0,30,19743.76,403.71485436893204,4173.0,47.51456310679612,932.0,36.817003,-1.30584
30,2016-09-03 20:29:01.104246,1,2016,9,3,1,19,27563.58,271.0908885298869,2300.0,25.163166397415186,4472.0,34.207096,0.665476
31,2018-08-18 11:41:04.000000,1,2018,8,18,1,50,4812.71,417.0905194805195,3406.0,1079.5064935064936,37707.0,36.799254,-1.188602
32,2018-01-09 03:08:25.000000,1,2018,1,9,0,48,18483.95,214.99478260869566,2300.0,748.1304347826087,17126.0,36.871854,-1.230011
33,2017-11-25 21:16:44.000000,0,2017,11,25,1,68,1188.25,2270.3278688524592,5000.0,971668.1147540984,59262562.0,34.731877,-0.805497
34,2016-11-16 16:34:56.545478,0,2016,11,16,0,22,6616.57,505.1568421052632,1916.0,290.09473684210525,5860.0,36.808606,-1.281591
35,2017-12-09 10:45:04.000000,1,2017,12,9,1,44,14328.19,277.1144117647059,2857.0,311.96078431372547,11568.0,36.864242,-1.291338
36,2017-07-12 12:25:13.000000,1,2017,7,12,0,25,2642.04,130.460625,3622.0,712.5178571428571,32213.0,36.855055,-1.267649
37,2017-04-20 05:26:39.000000,1,2017,4,20,0,48,3936.59,1149.05683908046,4752.0,359.11494252873564,8433.0,36.754529,-1.247521
38,2016-12-01 13:59:49.000000,1,2016,12,1,0,34,11899.34,213.04096774193548,2000.0,333.14516129032256,4133.0,36.803921,-1.27724
39,2017-09-12 16:37:27.000000,1,2017,9,12,0,32,11840.28,34.364444444444445,128.9,42.333333333333336,350.0,36.771258,-1.273633
40,2018-03-04 15:43:17.000000,0,2018,3,4,1,33,2152.94,42.035,64.0,51.5,101.0,36.971445,-1.427334
41,2017-06-20 14:06:19.000000,0,2017,6,20,0,33,397.68,1416.8829047619047,3000.0,81.05238095238096,5053.0,39.630672,-4.02582
42,2017-08-29 03:44:07.000000,0,2017,8,29,0,44,9738.2,0.0,0.0,0.0,0.0,36.8169925,-1.2636690000000002
43,2017-05-27 05:37:06.000000,1,2017,5,27,1,18,10405.98,554.2633333333334,3759.0,3551.733333333333,60112.0,36.324477,-0.500539
44,2017-07-27 03:37:08.000000,0,2017,7,27,0,19,9449.87,0.0,0.0,0.0,0.0,36.8169925,-1.2636690000000002
45,2016-05-24 18:41:48.000000,1,2016,5,24,0,36,14492.72,197.3856923076923,1808.0,177.52307692307693,1351.0,36.913682,-1.282566
46,2017-06-27 19:24:55.000000,1,2017,6,27,0,53,16396.87,50.605714285714285,96.0,291.14285714285717,1864.0,36.752952,-1.324546
47,2017-04-25 09:32:40.000000,0,2017,4,25,0,19,11211.32,384.22325,3496.0,456.0,16548.0,36.816395,-1.30775
48,2017-05-29 19:22:31.000000,0,2017,5,29,0,40,2905.3,0.0,0.0,0.0,0.0,36.8169925,-1.2636690000000002
49,2016-08-23 05:14:23.360387,1,2016,8,23,0,23,9631.46,2532.0135999999998,3660.0,142.2,2660.0,37.103082,-0.00211
50,2017-01-31 16:21:49.000000,0,2017,1,31,0,36,2207.08,786.5425,2277.0,1934.5,6486.0,34.769633,0.28903
51,2016-12-07 08:48:01.000000,1,2016,12,7,0,59,1467.87,1555.494651162791,4500.0,100.61627906976744,1649.0,37.136769,-1.054055
52,2018-05-05 13:21:37.000000,0,2018,5,5,1,48,1941.81,2066.6666666666665,2300.0,27.666666666666668,52.0,36.040131,-0.301046
53,2018-08-07 06:07:16.000000,0,2018,8,7,0,73,7178.59,2272.0428571428574,3400.0,326.23809523809524,3460.0,36.565402,-0.973158
54,2017-08-01 12:33:25.000000,1,2017,8,1,0,22,3662.82,417.87190184049075,2331.0,4432.036809815951,137450.0,36.823349,-1.329453
55,2018-09-28 13:03:11.000000,1,2018,9,28,0,32,4974.21,931.7420289855072,5000.0,3019.840579710145,54177.0,36.947264,-1.278554
56,2016-09-19 19:53:05.843507,1,2016,9,19,0,39,6744.91,9.45,13.0,2.1875,7.0,36.808553,-1.308508
57,2017-06-15 10:02:11.000000,1,2017,6,15,0,51,22663.6,1620.9214285714286,4247.0,193.0,775.0,39.707021,-4.019805
58,2017-09-06 08:57:36.000000,1,2017,9,6,0,54,3605.76,469.6620408163265,3500.0,-36433.836734693876,25909.0,36.747362,-1.31653
59,2018-07-31 10:59:25.000000,0,2018,7,31,0,29,2915.96,2117.4908333333333,3964.0,74.70833333333333,490.0,34.717787,-0.674608
60,2016-06-29 14:12:54.652045,1,2016,6,29,0,47,26459.98,0.0,0.0,0.0,0.0,36.8169925,-1.2636690000000002
61,2016-08-28 10:53:51.000000,0,2016,8,28,1,45,2710.62,7.5,14.2,302.5,5290.0,34.288459,0.063003
62,2017-12-05 07:10:15.000000,1,2017,12,5,0,41,14784.14,1492.8656,4898.0,115.8,355.0,36.975123,-0.411877
63,2017-08-20 07:09:57.000000,0,2017,8,20,1,54,17193.71,556.0930000000001,2422.0,546.9,2846.0,35.186468,-0.609658
64,2017-08-07 15:44:14.000000,0,2017,8,7,0,28,2968.15,1909.2516666666666,4513.0,933.4047619047619,9426.0,37.30996,-1.282225
65,2017-11-24 16:46:55.000000,1,2017,11,24,0,36,17493.96,669.6357692307691,3600.0,1543.8307692307692,170315.0,36.789196,-1.271831
66,2018-09-06 14:59:46.000000,0,2018,9,6,0,51,3900.97,1094.385,1452.0,270.5,766.0,36.796809,-1.198399
67,2016-11-30 10:18:50.000000,0,2016,11,30,0,29,13111.52,607.7648780487805,3600.0,110.26829268292683,722.0,36.919475,-1.206777
68,2017-01-19 14:37:01.000000,0,2017,1,19,0,24,5611.99,405.9364444444444,5000.0,292.5111111111111,2963.0,36.893539,-1.301681
69,2017-01-25 08:41:00.000000,0,2017,1,25,0,37,3399.92,112.96708333333333,2100.0,119.79166666666667,595.0,36.805837,-1.301128
70,2018-10-29 17:33:06.000000,1,2018,10,29,0,45,5363.16,502.93933333333337,4900.0,86.63333333333334,916.0,36.877821,-1.291525
71,2017-02-20 16:40:03.000000,0,2017,2,20,0,34,21053.22,2225.8333333333335,2947.0,211.20833333333334,983.0,34.751903,-0.08066
72,2018-05-02 09:21:25.000000,0,2018,5,2,0,44,871.88,792.7795833333333,1511.0,-26761.0,3864.0,36.883651,-1.316612
73,2018-10-05 06:38:18.000000,1,2018,10,5,0,45,600.58,2454.327857142857,4165.0,6018.178571428572,96061.0,38.388787,-3.487501
74,2017-03-10 13:37:47.000000,0,2017,3,10,0,28,10537.07,298.8363157894737,1820.0,1032.9473684210527,9919.0,36.836267,-1.292941
75,2018-06-06 13:29:09.000000,0,2018,6,6,0,53,1277.59,275.52846153846156,1300.0,2518.0,29379.0,36.771722,-1.271519
76,2018-03-11 10:46:35.000000,0,2018,3,11,1,31,6727.97,2156.4175,4708.0,5638.636363636364,75047.0,37.003301,-0.465976
77,2018-07-05 10:05:00.000000,1,2018,7,5,0,41,7672.2,1667.4785,4812.74,91.975,2033.0,39.74875,-4.025379
78,2017-12-22 10:34:53.000000,0,2017,12,22,0,39,14818.23,0.0,0.0,0.0,0.0,36.8169925,-1.2636690000000002
79,2016-04-06 16:52:47.678641,1,2016,4,6,0,46,3733.72,2698.219259259259,3847.0,698.1481481481482,11873.0,36.309821,-0.529403
80,2016-03-02 20:08:09.783785,1,2016,3,2,0,44,12672.64,1035.5453896103895,5000.0,1939.2532467532467,24217.0,35.024096,0.195934
81,2018-04-13 05:42:13.000000,0,2018,4,13,0,54,1601.03,661.1429310344828,3519.0,354.9655172413793,5522.0,36.813785,-1.29271
82,2016-12-27 12:15:33.000000,0,2016,12,27,0,32,2604.4,0.0,0.0,0.0,0.0,36.8169925,-1.2636690000000002
83,2016-11-25 21:11:58.575495,1,2016,11,25,0,48,19399.14,1589.8,2900.0,1598.0,7031.0,39.645856,-4.115959
84,2017-07-01 08:50:53.000000,1,2017,7,1,1,38,3790.28,0.0,0.0,0.0,0.0,36.8169925,-1.2636690000000002
85,2017-12-28 07:33:31.000000,0,2017,12,28,0,29,9014.13,1010.3438095238096,2600.0,1568.2857142857142,21413.0,36.943098,-1.308054
86,2016-11-17 03:48:39.689915,0,2016,11,17,0,44,2871.68,724.2735714285715,1700.0,50.75,1122.0,36.727139,-1.286212
87,2016-12-28 05:48:38.000000,1,2016,12,28,0,50,16902.93,446.10764192139743,3136.0,322.96069868995636,9583.0,36.666163,-1.281586
88,2016-09-23 11:26:56.000000,0,2016,9,23,0,38,2804.89,342.0807894736842,2600.0,181.81578947368422,5982.0,36.902133,-1.25565
89,2016-08-19 16:20:48.974338,0,2016,8,19,0,25,3799.41,33.705999999999996,87.6,13.2,25.0,37.227565,-1.374666
90,2018-10-05 05:58:34.000000,1,2018,10,5,0,56,4951.13,1982.4545652173913,4624.0,123.73913043478261,430.0,34.66531,0.344752
91,2016-08-31 16:17:10.722880,1,2016,8,31,0,33,21415.4,1154.822222222222,3827.0,339.6666666666667,2661.0,36.833123,-1.289567
92,2018-06-03 04:49:57.000000,1,2018,6,3,1,33,301.5,918.9357142857142,2070.0,131.42857142857142,716.0,36.732154,-1.361411
93,2018-08-21 05:15:15.000000,0,2018,8,21,0,18,12518.92,2536.246575342466,3240.0,8.164383561643836,106.0,37.105589,-1.045775
94,2017-11-22 08:41:31.000000,1,2017,11,22,0,38,9782.63,300.58505494505494,3400.0,287.8131868131868,4138.0,36.688206,-1.215936
95,2017-07-08 10:20:06.000000,0,2017,7,8,1,21,4676.68,1864.0826086956522,4500.0,500.8478260869565,7663.0,36.64296,-1.239155
96,2016-06-24 08:33:51.894232,1,2016,6,24,0,37,15576.74,142.01749999999998,1314.0,289.5,11450.0,36.826747,-1.307318
97,2016-12-14 17:07:34.000000,1,2016,12,14,0,28,4685.2,2875.8167088607593,4752.0,318.11392405063293,3122.0,35.68142,-0.435088
98,2017-01-29 15:32:19.000000,1,2017,1,29,1,53,41657.81,2559.4166666666665,3426.0,369.25,1005.0,34.472267,-1.03765
99,2017-02-02 09:12:11.000000,0,2017,2,2,0,29,7066.41,0.0,0.0,0.0,0.0,36.8169925,-1.2636690000000002
100,2016-11-27 14:31:23.324919,1,2016,11,27,1,46,865.24,2723.804939271255,4400.0,147.91902834008098,3034.0,36.126087,-0.139523
101,2017-11-13 18:09:49.000000,1,2017,11,13,0,44,4276.51,2673.9860330578513,4643.0,299.297520661157,29651.0,35.280474,-0.369152
102,2018-07-07 09:24:40.000000,1,2018,7,7,1,63,2344.67,162.7536036036036,2009.0,73.55855855855856,1691.0,36.813851,-1.30028
103,2017-08-01 12:21:48.000000,1,2017,8,1,0,34,727.01,1289.5264253393666,4097.0,793.6153846153846,154166.0,34.55264,0.571509
104,2016-04-07 03:55:30.625646,1,2016,4,7,0,33,2193.3,675.9112781954886,4362.0,104.9624060150376,1783.0,36.819326,-1.261316
105,2017-05-31 19:39:27.000000,1,2017,5,31,0,53,39018.01,0.0,0.0,0.0,0.0,36.8169925,-1.2636690000000002
106,2018-07-12 10:46:33.000000,0,2018,7,12,0,55,3949.85,2105.6037168141593,4811.0,3202.6725663716816,189263.0,34.461106,-0.561164
107,2018-11-05 04:18:23.000000,1,2018,11,5,0,22,3130.8,24.403859649122808,253.81,4.842105263157895,67.0,36.814827,-1.308299
108,2018-08-10 05:17:05.000000,0,2018,8,10,0,28,13371.98,0.0,0.0,0.0,0.0,36.8169925,-1.2636690000000002
109,2017-11-16 14:11:36.000000,1,2017,11,16,0,54,29958.26,2374.7358139534886,4661.0,232.04651162790697,2063.0,35.055427,0.094476
110,2017-08-19 12:40:00.000000,1,2017,8,19,1,30,1606.18,947.4763636363637,1903.0,2079756.8181818181,45741863.0,36.904163,-0.989756
111,2017-02-17 05:10:53.000000,1,2017,2,17,0,38,819.12,2384.6535593220337,4819.0,375.5141242937853,58768.0,37.307444,-1.395055
112,2018-03-28 11:30:21.000000,0,2018,3,28,0,54,3004.56,30.56714285714286,52.4,116.57142857142857,3397.0,36.837814,-1.169824
113,2018-05-05 09:34:19.000000,0,2018,5,5,1,62,10074.35,1178.675,2881.0,145.1875,426.0,34.981592,1.016512
114,2018-05-18 06:38:18.000000,0,2018,5,18,0,18,6622.37,2135.568271604938,4400.0,718.925925925926,20269.0,35.297123,0.888727
115,2016-06-07 21:04:03.046526,1,2016,6,7,0,39,7765.33,0.0,0.0,0.0,0.0,36.8169925,-1.2636690000000002
116,2016-12-12 12:41:32.000000,0,2016,12,12,0,30,6020.97,1794.2367567567567,4600.0,457.1621621621622,4605.0,36.696671,-1.265874
117,2016-07-29 10:00:30.000000,1,2016,7,29,0,39,40645.07,376.6155769230769,1719.0,230.3653846153846,4157.0,36.752142,-1.259728
118,2017-04-07 07:47:01.000000,0,2017,4,7,0,28,13256.01,1636.1200000000001,3404.0,22.4,59.0,36.971126,-1.504988
119,2018-08-06 06:20:48.000000,0,2018,8,6,0,24,4205.37,112.54024691358025,1700.0,5018.814814814815,42970.0,36.893492,-1.272678
120,2018-03-26 06:18:42.000000,1,2018,3,26,0,32,3265.09,345.692,1500.0,3456.3333333333335,39430.0,36.969147,-1.273923
121,2016-08-12 12:36:01.576546,1,2016,8,12,0,26,10516.15,1051.7717021276594,3236.0,-7105.234042553191,86424.0,36.8811,-1.201145
122,2018-04-07 19:00:59.000000,0,2018,4,7,1,35,11.9,1905.6957894736843,3900.0,504.4736842105263,2193.0,36.061297,-0.300596
123,2017-10-13 05:12:59.000000,1,2017,10,13,0,47,10447.49,3532.4,4530.0,-52.4,77.0,35.697325,-0.997209
124,2017-11-19 07:58:37.000000,1,2017,11,19,1,27,19707.43,1269.412075471698,3500.0,168.75471698113208,4008.0,39.619915,-4.004391
125,2018-02-05 10:54:48.000000,0,2018,2,5,0,43,9743.82,746.7347222222222,2000.0,85.94444444444444,469.0,36.861224,-1.248135
126,2016-12-07 14:49:01.000000,0,2016,12,7,0,57,6901.6,351.5288095238095,2016.0,2795.0714285714284,35879.0,36.778004,-1.25164
127,2016-07-12 12:07:46.000000,1,2016,7,12,0,25,18799.85,0.0,0.0,0.0,0.0,36.8169925,-1.2636690000000002
128,2017-05-22 13:14:19.000000,0,2017,5,22,0,28,6393.73,1685.3382352941176,3700.0,933.3382352941177,18958.0,36.986916,-1.24103
129,2018-02-14 01:07:53.000000,1,2018,2,14,0,43,4055.86,1050.8259405940594,3500.0,7065.534653465346,249089.0,39.647453,-4.015641
130,2016-08-07 14:38:04.000000,1,2016,8,7,1,26,1965.24,114.53767441860465,1728.51,40.83720930232558,211.0,36.863927,-1.303511
131,2018-09-18 12:37:43.000000,1,2018,9,18,0,48,3643.93,469.3465517241379,2300.0,40.241379310344826,560.0,34.283067,0.640671
132,2017-03-28 13:48:12.000000,0,2017,3,28,0,28,4956.38,2348.4285714285716,2859.0,3.0,5.0,39.719991,-3.951288
133,2015-12-30 07:28:36.408916,1,2015,12,30,0,20,6693.44,1504.4869603524228,5000.0,484.7973568281938,38005.0,36.107728,-0.318496
134,2017-04-03 12:50:11.000000,1,2017,4,3,0,41,7087.15,1082.2995833333332,4346.0,2560.90625,58333.0,36.977726,-1.264418
135,2016-11-11 22:26:17.809428,1,2016,11,11,0,48,7252.18,743.5466341463415,4159.0,1569.429268292683,72713.0,36.886796,-1.335362
136,2018-07-11 09:44:07.000000,0,2018,7,11,0,29,4443.48,1723.6285714285714,2600.0,2343.1071428571427,38595.0,39.600118,-4.006064
137,2018-08-08 08:13:19.000000,1,2018,8,8,0,36,2030.02,1750.6085416666667,4156.0,194.08333333333334,1451.0,36.837898,-1.285727
138,2016-12-30 06:11:25.000000,1,2016,12,30,0,54,6257.26,1408.6811023622047,3000.0,783088.3070866142,99417166.0,36.931173,-1.248468
139,2016-05-14 19:13:03.599541,1,2016,5,14,1,41,2117.61,485.3968918918919,3497.0,395.27027027027026,34348.0,36.912518,-1.298031
140,2018-10-16 09:20:25.000000,1,2018,10,16,0,52,4224.69,2622.4285714285716,3218.0,9792.761904761905,168586.0,36.665239,-1.269408
141,2017-02-06 08:32:28.000000,1,2017,2,6,0,43,2765.28,278.7362790697674,3000.0,212.04651162790697,10338.0,39.65288,-4.091197
142,2018-03-20 07:50:13.000000,0,2018,3,20,0,24,5342.24,0.0,0.0,0.0,0.0,36.8169925,-1.2636690000000002
143,2017-08-18 08:44:50.000000,1,2017,8,18,0,44,8190.08,739.5315596330275,3516.0,13471482.119266056,1468359234.0,36.924741,-1.283961
144,2017-03-26 07:47:26.000000,0,2017,3,26,1,19,2867.1,2384.297843137255,4500.0,159.7843137254902,1150.0,34.57493,-0.754714
145,2017-05-17 17:24:48.000000,0,2017,5,17,0,21,2730.3,1119.25875,4000.0,70.08333333333333,231.0,36.696503,-1.280755
146,2017-04-30 10:34:21.000000,1,2017,4,30,1,32,10311.56,380.02169811320755,4200.0,98.26415094339623,12228.0,36.762168,-1.213542
147,2017-12-30 17:02:01.000000,1,2017,12,30,1,29,10595.09,1820.199,4430.0,927.2,44271.0,34.719923,0.793966
148,2018-08-09 06:47:58.000000,0,2018,8,9,0,45,4980.91,677.0994736842105,2800.0,148.05263157894737,458.0,36.781058,-1.223425
149,2018-03-01 13:09:18.000000,1,2018,3,1,0,51,24995.93,956.4511578947369,3386.0,133.74736842105264,2134.0,34.780282,-0.103045
150,2016-09-16 16:08:39.542030,0,2016,9,16,0,66,459.61,12.333333333333334,17.0,11.666666666666666,23.0,36.816977,-1.273734
151,2017-03-02 05:39:51.000000,1,2017,3,2,0,56,777.87,2173.3609523809523,4400.0,232.03809523809525,7033.0,36.425623,-0.724448
152,2016-12-19 11:31:20.000000,0,2016,12,19,0,24,3175.39,643.9300000000001,1900.0,568.3333333333334,1813.0,36.764745,-1.427191
153,2017-07-20 05:39:14.000000,1,2017,7,20,0,34,16337.86,0.0,0.0,0.0,0.0,36.8169925,-1.2636690000000002
154,2018-05-30 15:00:12.000000,0,2018,5,30,0,28,10091.46,723.3916666666667,3800.0,79.76666666666667,454.0,36.729943,-1.267527
155,2017-04-05 10:34:02.000000,0,2017,4,5,0,21,1975.73,10.516666666666667,17.7,22874.333333333332,63344.0,36.613351,-0.967004
156,2017-06-24 15:30:51.000000,1,2017,6,24,1,31,1536.07,24.991111111111113,96.0,15129.888888888889,77736.0,37.497233,-1.39723
157,2016-07-01 08:47:32.000000,0,2016,7,1,0,26,4089.18,10.932967032967033,28.0,4.021978021978022,83.0,36.928272,-1.321699
158,2016-07-02 03:12:33.483355,1,2016,7,2,1,38,6089.24,762.8,3563.0,162.4,917.0,36.869739,-1.283814
159,2016-12-14 08:01:11.000000,0,2016,12,14,0,27,3510.98,1365.110625,3400.0,1569.6875,13111.0,36.417271,-0.72788
160,2017-09-08 15:43:27.000000,1,2017,9,8,0,31,4657.38,275.13937500000003,1800.0,861.3125,10894.0,36.82247,-1.277306
161,2017-06-06 18:23:24.000000,0,2017,6,6,0,22,3388.75,2491.8275862068967,4454.0,155.3448275862069,687.0,37.263933,-1.525065
162,2016-11-19 10:20:01.642847,1,2016,11,19,1,41,15803.79,14.451586538461537,1500.0,2790.425480769231,237846.0,36.979654,-1.164451
163,2016-07-28 13:55:12.000000,1,2016,7,28,0,40,6522.16,2749.8695652173915,3779.0,19183.217391304348,95712.0,36.869969,-0.806096
164,2018-10-03 19:20:52.000000,1,2018,10,3,0,24,14570.33,2341.3262400000003,5000.0,661.896,17307.0,37.680949,0.032637
165,2017-11-07 04:34:48.000000,1,2017,11,7,0,38,4594.47,799.0152,2028.0,93.36,781.0,38.568933,-3.387007
166,2018-08-01 08:11:09.000000,0,2018,8,1,0,46,4641.84,0.0,0.0,0.0,0.0,36.8169925,-1.2636690000000002
167,2016-12-13 15:58:11.000000,1,2016,12,13,0,33,1340.29,936.863448275862,4164.0,41.95402298850575,440.0,36.745687,-1.262878
168,2017-02-04 13:42:36.000000,1,2017,2,4,1,58,18171.39,1508.0592105263158,5000.0,409.5131578947368,5505.0,40.053806,1.75054
169,2017-05-26 13:09:41.000000,0,2017,5,26,0,45,13123.63,24.4,56.1,43.5,222.0,36.96443,-1.119224
170,2017-02-10 16:08:14.000000,1,2017,2,10,0,33,4531.47,0.0,0.0,0.0,0.0,36.8169925,-1.2636690000000002
171,2018-06-25 14:37:05.000000,0,2018,6,25,0,27,15016.36,1311.950238095238,5000.0,1981.1904761904761,18725.0,34.759521,-0.116632
172,2018-07-08 18:52:44.000000,0,2018,7,8,1,20,123.06,770.2519318181818,2900.0,151.35227272727272,4536.0,35.283566,0.514969
173,2018-02-11 13:03:40.000000,1,2018,2,11,1,39,13443.32,678.4261046511629,4480.0,210.92441860465115,5544.0,36.574521,-0.809121
174,2017-01-13 14:06:55.000000,0,2017,1,13,0,53,7614.98,2350.0,2900.0,1479.0,5704.0,36.720733,-1.414583
175,2017-02-13 09:09:20.000000,0,2017,2,13,0,24,11861.7,1664.9499999999998,2899.0,2133.846153846154,32554.0,34.75305,-0.081045
176,2017-09-02 13:25:56.000000,1,2017,9,2,1,53,994.37,2099.951343283582,3936.0,1870.7910447761194,71748.0,34.773666,-0.670499
177,2016-10-26 10:09:54.000000,0,2016,10,26,0,34,2352.05,2247.076096096096,4783.0,103928.4114114114,34214704.0,37.093688,-0.959882
178,2016-09-19 14:10:40.475709,0,2016,9,19,0,27,1694.98,22.333333333333332,24.0,2138.0,10935.0,36.902143,-1.228673
179,2017-12-29 06:37:09.000000,1,2017,12,29,0,36,15496.45,487.5028125,1839.69,565.125,4472.0,36.779198,-1.265802
180,2017-02-23 11:34:46.000000,0,2017,2,23,0,21,1412.77,1213.3,4002.0,23.0,105.0,36.790569,-1.247555
181,2017-06-19 06:09:17.000000,0,2017,6,19,0,23,10482.87,3176.4,3816.0,627.2,1731.0,36.098335,-0.291683
182,2017-07-13 08:56:47.000000,1,2017,7,13,0,34,10707.9,65.99142857142857,250.54,681.2857142857143,2067.0,34.75375,-0.122779
183,2016-12-07 10:48:25.000000,1,2016,12,7,0,21,2154.58,1250.656090225564,5000.0,96.95488721804512,10726.0,36.825806,-1.280328
184,2018-03-24 07:36:50.000000,0,2018,3,24,1,23,16261.38,2201.5,2386.0,2489.5,4964.0,36.067991,-0.272944
185,2018-08-11 11:22:34.000000,0,2018,8,11,1,54,5284.8,823.534347826087,2612.0,-565.3913043478261,1450.0,35.951031,-0.349128
186,2018-07-23 17:48:45.000000,0,2018,7,23,0,23,11956.16,1413.3310465116278,3360.0,836.1686046511628,41180.0,37.171873,-0.735516
187,2017-06-09 07:35:18.000000,1,2017,6,9,0,18,1896.03,383.6252380952381,3200.0,2068.777777777778,30632.0,37.016376,-1.109556
188,2017-12-18 15:56:29.000000,1,2017,12,18,0,36,3917.09,772.6869565217391,2200.0,10143.08695652174,160647.0,36.792495,-1.41239
189,2017-03-08 11:33:32.000000,1,2017,3,8,0,42,9418.78,1344.4262621359223,4700.0,518.6844660194175,10269.0,35.27268,0.515253
190,2016-11-30 08:47:53.000000,0,2016,11,30,0,48,10134.98,1641.533,3267.0,-10.271428571428572,11.0,36.73849,-1.296903
191,2018-03-07 10:33:27.000000,1,2018,3,7,0,40,6628.71,747.8762921348315,2100.0,295.07865168539325,7111.0,36.767631,-1.215683
192,2017-05-09 15:20:45.000000,0,2017,5,9,0,32,6724.83,23.53125,52.4,115.375,510.0,36.779137,-1.295034
193,2016-07-14 13:41:22.000000,1,2016,7,14,0,36,8935.73,2444.1666666666665,3793.0,25.37037037037037,93.0,36.050883,-0.279647
194,2016-08-10 11:23:30.147268,1,2016,8,10,0,22,11928.68,1370.628787878788,5000.0,2279.439393939394,95856.0,36.061371,-0.280526
195,2017-08-24 06:41:22.000000,1,2017,8,24,0,36,14497.35,1935.9322033898304,4800.0,415.228813559322,28217.0,36.012,-0.230634
196,2017-04-10 11:45:48.000000,0,2017,4,10,0,33,14235.95,857.8615,2118.0,94.0,673.0,36.894969,-1.321856
197,2018-05-06 04:19:17.000000,1,2018,5,6,1,28,323.1,1929.2085714285713,3000.0,10.285714285714286,43.0,34.779886,-0.102185
198,2018-10-23 09:54:58.000000,1,2018,10,23,0,31,14200.3,1256.181875,3393.0,9261.0625,129570.0,36.658389,-1.225822
199,2018-01-27 12:12:13.000000,0,2018,1,27,1,28,4266.47,1816.9621641791043,3782.0,523.0970149253732,23478.0,36.03497,-0.284323
200,2018-06-22 09:38:54.000000,0,2018,6,22,0,24,5228.33,1887.0048000000002,3564.0,335.296,36383.0,36.959671,-1.266591
201,2018-05-27 09:50:27.000000,1,2018,5,27,1,39,9779.09,903.3115596330276,3451.0,98.01834862385321,717.0,38.648483,-3.352653
202,2017-08-15 18:02:25.000000,1,2017,8,15,0,28,8149.16,1230.9555555555555,4028.0,1571.5555555555557,12392.0,36.899946,-1.283117
203,2017-09-22 10:39:14.000000,0,2017,9,22,0,36,9534.77,1496.6878787878786,4300.0,1480.439393939394,30644.0,35.047227,-0.160842
204,2018-12-02 11:46:47.000000,1,2018,12,2,1,23,2098.5,20.073333333333334,21.16,126.66666666666667,228.0,36.827075,-1.26647
205,2016-12-25 14:08:46.000000,0,2016,12,25,1,41,1949.84,1497.9396428571429,3350.0,2084.0714285714284,22376.0,36.581496,-1.030018
206,2016-09-02 05:56:43.590182,0,2016,9,2,0,57,3581.22,561.2214516129033,3648.0,783.3387096774194,18015.0,35.244573,0.862052
207,2017-09-30 16:06:02.000000,1,2017,9,30,1,22,8371.99,1275.724193548387,3029.0,63.16129032258065,682.0,36.82834,-1.300783
208,2016-06-11 10:22:08.982256,0,2016,6,11,1,21,5167.73,3503.574468085106,4973.0,-81.63829787234043,103.0,37.29326,-0.501286
209,2017-04-06 06:55:52.000000,0,2017,4,6,0,29,1414.08,55.33,96.0,43.25,137.0,36.806627,-1.273093
210,2016-07-04 13:55:12.000000,1,2016,7,4,0,29,9775.8,476.937263681592,4200.0,2216.542288557214,63657.0,39.711237,-4.013934
211,2017-04-07 19:37:58.000000,1,2017,4,7,0,45,478.6,1452.610495049505,3493.0,466.94059405940595,1370.0,34.770511,-0.108519
212,2017-10-18 06:49:14.000000,1,2017,10,18,0,34,2418.01,133.60125,1900.0,39.25,577.0,36.789177,-1.260738
213,2015-11-26 13:04:12.412936,1,2015,11,26,0,40,14920.05,0.0,0.0,0.0,0.0,36.8169925,-1.2636690000000002
214,2018-06-10 07:12:55.000000,0,2018,6,10,1,66,11602.88,1372.704081632653,3789.0,102.53061224489795,884.0,39.720431,-4.009268
215,2018-05-29 17:38:12.000000,0,2018,5,29,0,74,6242.44,1857.5571428571427,3500.0,5932.428571428572,39160.0,36.98376,-0.442131
216,2018-05-26 08:54:25.000000,0,2018,5,26,1,26,3998.74,2392.8857142857146,4013.0,664.0,3394.0,37.438564,-1.443825
217,2017-11-22 07:56:45.000000,0,2017,11,22,0,30,10937.07,127.51875,3300.0,41.38636363636363,350.0,36.819369,-1.265708
218,2018-06-02 09:12:03.000000,0,2018,6,2,1,23,9176.59,1269.0148611111113,4813.0,-2164.5069444444443,9096.0,35.452033,0.438778
219,2017-10-28 14:35:51.000000,0,2017,10,28,1,66,1017.34,297.03791666666666,2000.0,78.75,870.0,36.956997,-1.38508
220,2016-12-29 18:00:28.000000,0,2016,12,29,0,49,4038.01,1312.725197368421,5263.82,371.1842105263158,45737.0,39.586895,-4.265676
221,2017-08-20 09:24:20.000000,1,2017,8,20,1,36,1250.12,523.7836363636363,1400.0,79.45454545454545,283.0,36.879812,-1.296682
222,2018-04-20 03:18:59.000000,0,2018,4,20,0,36,10836.21,0.0,0.0,0.0,0.0,36.8169925,-1.2636690000000002
223,2015-09-04 12:40:45.000000,1,2015,9,4,0,44,18977.87,213.613216080402,1901.0,293.97989949748745,3298.0,36.810777,-1.195015
224,2018-04-07 10:16:33.000000,1,2018,4,7,1,60,22554.97,424.78263157894736,2000.0,149.78947368421052,2184.0,36.816982,-1.28876
225,2018-03-05 08:50:13.000000,0,2018,3,5,0,23,1640.45,252.064,3300.0,191.63333333333333,5156.0,36.769768,-1.26415
226,2017-08-27 07:06:12.000000,1,2017,8,27,1,33,17515.29,1604.692682926829,4947.0,212.1219512195122,8886.0,36.390468,0.055823
227,2018-05-30 12:06:54.000000,1,2018,5,30,0,55,10352.54,1808.9297142857142,3600.0,511.51428571428573,6013.0,37.245851,-1.491738
228,2016-08-29 13:03:57.000000,1,2016,8,29,0,22,5248.96,257.09096153846156,3451.0,1081.9326923076924,57026.0,36.800636,-1.256315
229,2016-05-28 16:05:04.442333,1,2016,5,28,1,31,8310.11,524.2816666666666,1400.0,25.5,56.0,36.830688,-1.266098
230,2017-02-10 05:40:48.000000,0,2017,2,10,0,40,13711.15,1550.0635294117646,2339.0,3890.470588235294,44526.0,36.738657,-1.140041
231,2018-05-30 07:24:17.000000,1,2018,5,30,0,49,17810.84,842.6528125,3200.0,223.65625,1637.0,36.831008,-1.285134
232,2017-02-26 09:41:34.000000,0,2017,2,26,1,18,3254.6,940.0,3700.0,159.75,527.0,34.931613,-0.576198
233,2017-10-07 11:06:38.000000,1,2017,10,7,1,27,11146.41,1718.4570731707317,5000.0,2572.487804878049,87038.0,36.889421,-1.632888
234,2017-12-21 09:56:05.000000,0,2017,12,21,0,42,9091.9,2865.538275862069,5000.0,213.20689655172413,6982.0,34.861097,0.711099
235,2016-10-18 10:35:58.000000,1,2016,10,18,0,52,1653.96,1134.2477333333334,4600.0,-73685305.86666666,12700.0,35.1447,0.86728
236,2016-08-18 05:57:16.000000,1,2016,8,18,0,38,5077.71,396.56333333333333,3300.0,1299.2941176470588,33188.0,36.951861,-1.464061
237,2018-08-21 17:21:49.000000,0,2018,8,21,0,20,9685.13,1510.6216216216217,2300.0,92.33783783783784,546.0,36.923598,-1.204655
238,2016-07-31 08:17:56.000215,0,2016,7,31,1,38,7212.47,617.72375,1830.0,6650.3125,7261.0,36.778945,-1.301107
239,2017-02-05 20:13:50.000000,0,2017,2,5,1,21,4213.92,177.73,1000.0,3494.8,32987.0,36.894174,-1.305896
240,2016-12-12 19:01:40.000000,0,2016,12,12,0,34,6088.09,1397.7155555555555,4100.0,502.1666666666667,6798.0,34.630982,-0.038008
241,2016-10-05 09:05:35.444068,0,2016,10,5,0,18,15808.83,0.0,0.0,0.0,0.0,36.8169925,-1.2636690000000002
242,2016-07-03 13:26:19.795963,1,2016,7,3,1,42,8216.6,3154.9753086419755,4688.0,904.6913580246913,58942.0,35.224663,0.486809
243,2017-01-02 11:34:44.000000,0,2017,1,2,0,23,12626.45,15.523076923076923,96.0,10362.794871794871,96498.0,36.837045,-1.283471
244,2016-08-12 09:24:49.000000,0,2016,8,12,0,43,16060.37,1134.7,3100.0,43.75,200.0,37.077367,-1.034001
245,2015-07-11 10:59:00.000000,1,2015,7,11,1,48,8347.68,1706.7128301886792,5455.0,280.60849056603774,18626.0,36.816807,-1.315664
246,2017-02-16 15:31:21.000000,0,2017,2,16,0,22,5830.58,100.0,100.0,94.5,99.0,36.852256,-1.287424
247,2018-05-06 12:49:32.000000,0,2018,5,6,1,23,13064.37,413.0076056338028,2600.0,70.1830985915493,3581.0,39.656818,-4.026071
248,2016-04-28 08:53:42.165742,1,2016,4,28,0,27,4982.7,0.0,0.0,0.0,0.0,36.8169925,-1.2636690000000002
249,2018-02-10 22:42:52.000000,0,2018,2,10,1,30,3937.84,2729.608133333333,4512.0,352.73333333333335,16753.0,39.666485,-4.037331
250,2018-07-04 14:08:40.000000,1,2018,7,4,0,38,21066.73,1401.9745833333334,2400.0,6.291666666666667,90.0,37.6286,0.052628
251,2017-01-20 19:36:12.000000,0,2017,1,20,0,26,2440.5,464.045294117647,3900.0,204.43529411764706,1861.0,36.800952,-1.361081
252,2018-06-09 15:57:16.000000,0,2018,6,9,1,85,6720.97,237.4713157894737,1900.0,103.86842105263158,1113.0,36.80352,-1.305205
253,2018-07-18 12:26:57.000000,0,2018,7,18,0,42,3440.89,36.62,87.6,126.75,204.0,36.966199,-1.460834
254,2017-11-09 12:14:26.000000,0,2017,11,9,0,85,6807.81,1285.076923076923,3985.0,5067.846153846154,22598.0,34.59348,-0.838358
255,2016-05-17 07:16:54.000000,1,2016,5,17,0,43,18474.24,686.2958035714286,4100.0,175.10714285714286,918.0,36.913134,-1.372217
256,2016-06-29 14:27:28.912547,1,2016,6,29,0,29,14817.03,624.4345161290323,2400.0,520.3225806451613,10231.0,36.775168,-1.230134
257,2018-03-03 10:17:23.000000,0,2018,3,3,1,33,6037.59,223.5184210526316,1811.0,299.1578947368421,1381.0,34.740098,0.281811
258,2018-02-11 08:49:43.000000,0,2018,2,11,1,25,5987.51,10.46297520661157,116.1,361.5123966942149,5419.0,36.612997,-1.277263
259,2017-09-13 02:19:45.000000,1,2017,9,13,0,46,4387.61,1288.2940677966103,3251.0,149.64406779661016,17524.0,34.757705,-0.133498
260,2018-02-07 04:26:16.000000,0,2018,2,7,0,29,344.08,0.0,0.0,0.0,0.0,36.8169925,-1.2636690000000002
261,2017-11-06 17:09:20.000000,1,2017,11,6,0,45,13531.03,1746.3333333333333,2547.0,9733.666666666666,24008.0,36.934279,-1.171885
262,2018-03-04 15:09:17.000000,0,2018,3,4,1,31,10723.68,164.8425,500.0,78.25,209.0,36.667745,-1.239358
263,2018-01-12 08:38:28.000000,0,2018,1,12,0,23,3076.2,85.78038461538462,1100.0,1140.9807692307693,19763.0,36.928266,-1.307843
264,2017-12-28 19:32:05.000000,1,2017,12,28,0,46,2145.25,1251.308953488372,4600.0,268.16279069767444,4438.0,36.821389,-1.143333
265,2017-06-10 08:33:42.000000,1,2017,6,10,1,40,96.98,3299.7059763313614,4236.0,212.8284023668639,12146.0,36.866785,-0.495433
266,2017-12-11 05:34:10.000000,1,2017,12,11,0,22,802.9,631.464131736527,3600.0,56.10179640718563,1329.0,36.827338,-1.312333
267,2017-01-21 16:00:38.000000,1,2017,1,21,1,35,2883.59,2707.3894871794873,4199.0,414.94871794871796,7351.0,37.748237,-2.254883
268,2016-12-08 12:19:14.000000,1,2016,12,8,0,39,1024.58,1869.3283516483516,3570.0,172.0,2587.0,39.690216,-4.040125
269,2016-11-10 10:35:51.144199,1,2016,11,10,0,48,281.69,3881.590909090909,4762.0,188.0151515151515,230.0,34.522341,0.652231
270,2017-08-29 16:25:04.000000,0,2017,8,29,0,68,10757.74,715.7939130434783,3688.0,158.90683229813664,5709.0,36.877592,-1.233149
271,2017-03-24 14:29:42.000000,0,2017,3,24,0,72,4682.36,236.2930357142857,4370.0,143.625,678.0,36.880479,-1.281979
272,2017-03-23 07:14:23.000000,1,2017,3,23,0,36,7139.96,439.2814285714286,1601.95,269.0,615.0,36.826979,-1.26612
273,2017-02-15 12:15:26.000000,1,2017,2,15,0,27,2918.23,1344.2016,5000.0,1743.8,43227.0,34.717472,0.795356
274,2015-11-02 15:16:22.000000,1,2015,11,2,0,36,429.01,621.4796078431373,3866.0,993.9019607843137,71946.0,36.821734,-1.25184
275,2018-12-07 06:32:16.000000,1,2018,12,7,0,48,5523.31,66.48703125,1717.32,92.421875,591.0,36.77324,-1.268962
276,2018-07-19 17:22:22.000000,0,2018,7,19,0,58,1558.81,2416.475,3968.0,1316.125,8526.0,36.566316,-0.982219
277,2018-02-27 04:54:49.000000,0,2018,2,27,0,39,2710.33,2582.572857142857,3825.0,862.8351648351648,45166.0,36.570895,-0.585814
278,2016-11-16 12:34:03.000000,1,2016,11,16,0,32,9547.71,63.90118885448916,3267.0,119.21547987616098,21525.0,36.935823,-1.219599
279,2016-07-14 08:38:55.852073,1,2016,7,14,0,22,27502.19,535.5158579881657,3600.0,298.8165680473373,15323.0,36.903953,-1.30765
280,2018-10-15 18:20:52.000000,1,2018,10,15,0,27,20623.11,665.5,1700.0,63.888888888888886,143.0,36.897093,-1.219636
281,2016-05-11 18:02:00.357504,1,2016,5,11,0,55,3200.6,2661.2367415730337,4100.0,30620.34831460674,2679075.0,35.126072,-0.479196
282,2018-06-24 17:01:46.000000,0,2018,6,24,1,28,10373.42,1564.9477419354837,4795.0,90.80645161290323,416.0,37.599755,0.356876
283,2018-09-03 12:27:29.000000,0,2018,9,3,0,63,3593.22,1287.576,3400.0,184.6,668.0,35.980572,-0.236723
284,2018-07-29 06:16:09.000000,1,2018,7,29,1,38,1432.19,547.5257142857143,4787.0,707.6190476190476,2783.0,36.320909,-0.491096
285,2018-06-29 12:41:12.000000,0,2018,6,29,0,27,2045.25,3073.1428571428573,4486.0,2012.357142857143,8432.0,38.568674,-3.381405
286,2016-11-08 18:27:06.163537,1,2016,11,8,0,30,645.42,316.62399999999997,2200.0,6689.145454545454,335183.0,36.761511,-1.296332
287,2017-12-28 10:17:52.000000,1,2017,12,28,0,30,28397.97,124.61117647058823,1400.0,51.490196078431374,1303.0,36.821385,-1.253171
288,2016-03-14 05:19:28.310401,1,2016,3,14,0,41,19584.15,1652.4260714285715,3471.0,269.10714285714283,4864.0,37.036221,-1.08151
289,2017-03-16 15:02:16.000000,0,2017,3,16,0,27,2192.88,1291.23625,2550.0,148426588.69642857,1391695763.0,36.837856,-1.302096
290,2017-10-30 04:51:15.000000,0,2017,10,30,0,22,162.05,1619.9393333333333,4000.0,156.53333333333333,1012.0,39.724952,-3.941454
291,2016-12-02 20:06:27.000000,0,2016,12,2,0,31,4159.56,32.735,37.5,74.5,104.0,36.909008,-1.257208
292,2018-07-08 11:50:56.000000,0,2018,7,8,1,32,6361.64,865.18,4000.0,825.4117647058823,22785.0,36.73396,-1.291912
293,2018-07-30 06:26:35.000000,1,2018,7,30,0,21,6305.6,846.76112,3300.0,244.328,3137.0,36.94105,-1.014748
294,2016-11-07 09:27:48.000000,1,2016,11,7,0,57,9566.83,2410.6263917525775,3002.0,4.257731958762887,77.0,36.970952,-1.479952
295,2017-01-26 23:14:58.000000,1,2017,1,26,0,34,528.67,1504.34375,4900.0,1373.8125,11271.0,34.84183,0.430179
296,2017-04-12 16:15:54.000000,0,2017,4,12,0,20,3469.6,277.3054022988506,3076.28,79.70114942528735,516.0,36.738377,-1.294644
297,2015-11-03 09:35:15.000000,1,2015,11,3,0,39,10238.72,1148.1185119047618,5000.0,306.07738095238096,12007.0,35.365622,-0.896199
298,2017-07-25 14:52:53.000000,0,2017,7,25,0,19,4661.41,1340.6510256410256,3600.0,270.78205128205127,7682.0,35.281004,0.531768
299,2017-05-05 04:48:02.000000,1,2017,5,5,0,20,20048.37,686.1646527777779,3018.0,185.44444444444446,5388.0,36.770607,-1.300022
300,2018-12-07 11:46:31.000000,1,2018,12,7,0,27,6728.02,197.60875,1300.0,34.75,266.0,36.855997,-1.205861
301,2018-08-17 03:13:17.000000,1,2018,8,17,0,64,5092.74,812.0421917808219,3800.0,756361.7534246575,110402606.0,39.65808,-4.043707
302,2018-07-24 15:36:57.000000,0,2018,7,24,0,29,3922.36,951.6971428571429,3610.0,435.57142857142856,3101.0,37.662299,-0.056037
303,2017-11-16 04:32:27.000000,1,2017,11,16,0,23,18721.53,0.0,0.0,0.0,0.0,36.8169925,-1.2636690000000002
304,2018-01-05 18:35:54.000000,0,2018,1,5,0,21,9765.15,862.3066666666667,3682.0,36.93333333333333,190.0,36.828767,-1.272276
305,2017-02-13 11:22:02.000000,0,2017,2,13,0,27,8751.98,1191.3111111111111,3159.0,33.77777777777778,151.0,35.232725,-0.782428
306,2018-03-11 11:12:53.000000,0,2018,3,11,1,105,6925.86,1014.6086206896553,3200.0,212.44827586206895,1508.0,39.672831,-4.029063
307,2018-01-22 13:14:38.000000,1,2018,1,22,0,56,373.51,505.5775,4709.0,103.96875,3154.0,36.791345,-1.291861
308,2017-10-11 19:36:59.000000,0,2017,10,11,0,22,5312.08,551.8323529411764,1881.0,4816.882352941177,49424.0,36.91097,-1.269424
309,2016-03-14 08:28:23.604945,1,2016,3,14,0,37,14873.59,1639.852307692308,3500.0,1362.7692307692307,9772.0,-85.232791,41.016449
310,2017-02-02 18:24:00.000000,1,2017,2,2,0,35,571.24,723.176923076923,2800.0,675.2307692307693,4196.0,36.873275,-1.294827
311,2018-08-19 17:09:19.000000,1,2018,8,19,1,23,16105.39,904.6261111111112,2808.0,173.72222222222223,354.0,36.821159,-1.289425
312,2018-03-05 06:18:10.000000,0,2018,3,5,0,37,1319.09,0.0,0.0,0.0,0.0,36.8169925,-1.2636690000000002
313,2017-12-26 05:38:41.000000,1,2017,12,26,0,35,15310.96,469.392,1535.0,190.8,972.0,36.783826,-1.391847
314,2017-03-04 11:36:14.000000,1,2017,3,4,1,40,3928.56,3171.0,3171.0,-816.0,-816.0,39.744649,-3.904658
315,2017-07-05 16:48:31.000000,0,2017,7,5,0,23,1722.78,609.4756363636363,2657.0,86.45454545454545,465.0,36.74129,-1.313917
316,2016-10-08 08:08:33.641949,1,2016,10,8,1,36,2711.95,1064.266779661017,2200.0,13056.694915254237,86777.0,36.920773,-1.236269
317,2018-03-04 15:25:33.000000,1,2018,3,4,1,30,2302.34,1151.0787012987012,3765.0,3302.5324675324673,63247.0,36.716288,-1.426963
318,2016-10-28 16:09:03.721999,1,2016,10,28,0,40,2559.68,1377.818125,5000.0,234.28125,3011.0,36.105746,-0.294217
319,2018-05-03 18:59:58.000000,0,2018,5,3,0,28,9301.77,499.7603571428572,2021.0,15673.17857142857,318812.0,39.668278,-4.066272
320,2017-07-18 16:09:58.000000,1,2017,7,18,0,40,30690.28,1488.4115942028984,4109.0,273.1014492753623,3170.0,39.707179,-4.020271
321,2018-08-07 13:37:43.000000,1,2018,8,7,0,71,7923.27,248.69009174311927,1900.0,277.10091743119267,13148.0,36.771981,-1.196252
322,2017-04-06 18:53:19.000000,0,2017,4,6,0,29,174.65,486.9369565217391,3723.0,2793.913043478261,34765.0,39.667177,-4.057624
323,2018-06-07 12:17:35.000000,0,2018,6,7,0,50,1319.19,448.42386243386244,4077.0,7872.925925925926,182864.0,36.862157,-1.322877
324,2018-03-02 20:45:35.000000,1,2018,3,2,0,41,16910.81,449.7166666666667,2522.82,149.22222222222223,618.0,36.805185,-1.312305
325,2018-02-06 06:48:26.000000,0,2018,2,6,0,32,2356.19,99.02813333333333,1600.0,636.0,10801.0,36.929569,-1.209599
326,2017-09-26 13:26:15.000000,1,2017,9,26,0,33,3876.77,29.384827586206896,110.0,657.1034482758621,5052.0,36.81949,-1.275605
327,2017-08-02 14:44:34.000000,1,2017,8,2,0,28,571.46,0.0,0.0,0.0,0.0,36.8169925,-1.2636690000000002
328,2017-08-31 09:07:30.000000,0,2017,8,31,0,68,1015.13,1566.8745238095237,4657.0,772.4880952380952,13956.0,37.088445,0.014022
329,2018-09-27 17:58:49.000000,1,2018,9,27,0,28,249.22,146.75282608695653,2700.0,1.3478260869565217,2943.0,36.930288,-1.294525
330,2018-07-08 19:33:53.000000,0,2018,7,8,1,25,2596.69,890.335625,2400.0,103.3125,219.0,36.895551,-1.235314
331,2017-11-15 11:10:10.000000,0,2017,11,15,0,28,29028.49,1925.575,2908.0,430.5,3096.0,36.898481,-1.177925
332,2016-12-21 08:39:16.000000,1,2016,12,21,0,29,24584.43,771.0953086419753,4300.0,3582.0,96297.0,36.462288,-0.719497
333,2016-10-15 09:01:46.434192,0,2016,10,15,1,26,6719.6,335.9704081632653,1454.0,2.306122448979592,13.0,36.771267,-1.277619
334,2015-12-14 15:05:11.000000,1,2015,12,14,0,44,2200.14,1554.8200000000002,2700.0,237.8,507.0,35.883525,-1.105522
335,2017-03-30 12:34:31.000000,0,2017,3,30,0,41,998.72,1590.9279787234043,3200.0,119.3936170212766,468.0,36.944086,-1.41408
336,2016-06-13 09:27:46.577173,0,2016,6,13,0,32,8285.0,2290.3846153846152,3398.0,1642.9615384615386,5289.0,34.785055,-0.076026
337,2017-09-17 22:42:15.000000,0,2017,9,17,1,38,1578.07,621.25,1160.0,116.0,178.0,36.891836,-1.170463
338,2016-09-03 13:51:20.776403,1,2016,9,3,1,30,15863.38,29.895384615384614,72.9,37.84615384615385,479.0,36.897195,-1.274383
339,2016-07-07 10:24:24.000000,1,2016,7,7,0,32,2249.66,678.3941176470589,2687.0,41.1764705882353,288.0,36.637267,-1.12642
340,2018-12-19 11:42:23.000000,1,2018,12,19,0,37,32579.13,9.4,9.4,7534.0,7534.0,36.669632,-1.263188
341,2017-08-13 19:28:31.000000,1,2017,8,13,1,18,17988.44,892.9,2400.0,1160.75,4290.0,36.943918,-1.368873
342,2018-05-08 08:32:36.000000,1,2018,5,8,0,50,7720.96,1618.8180203045686,3500.0,697.7766497461929,36160.0,39.859929,-3.614993
343,2018-06-14 07:37:17.000000,0,2018,6,14,0,31,1037.32,425.9103333333333,4300.0,119.74444444444444,2370.0,36.786919,-1.276729
344,2018-03-07 04:38:56.000000,0,2018,3,7,0,32,7892.82,2150.0,3300.0,166.5,430.0,39.667094,-4.052284
345,2017-04-27 11:12:46.000000,0,2017,4,27,0,20,7577.66,826.25,2400.0,167.83333333333334,768.0,36.85438,-1.338553
346,2018-04-27 20:24:44.000000,1,2018,4,27,0,40,885.66,819.7063157894737,4676.0,655.1578947368421,32117.0,36.845376,-1.301231
347,2017-08-03 01:36:45.000000,0,2017,8,3,0,22,10886.55,2656.9411764705883,3500.0,1080.9411764705883,5923.0,38.585815,-3.384458
348,2017-10-11 07:36:29.000000,0,2017,10,11,0,59,2320.01,1205.087906976744,2200.0,405.27906976744185,8600.0,36.827049,-1.277379
349,2017-11-11 06:57:37.000000,1,2017,11,11,1,50,9022.89,731.0256603773585,2795.0,4348.905660377359,70682.0,45.29008,2.022779
350,2018-02-07 17:17:45.000000,1,2018,2,7,0,61,9742.48,876.6850505050505,4300.0,1576.7878787878788,43369.0,39.651306,-4.070423
351,2018-05-17 13:57:40.000000,1,2018,5,17,0,32,3258.41,1974.9226530612245,5127.51,1241.2551020408164,32225.0,37.099228,-1.157512
352,2018-09-06 18:13:59.000000,0,2018,9,6,0,45,736.26,1382.6651111111112,3300.0,352.24444444444447,3952.0,36.723654,-1.278308
353,2018-08-09 13:19:35.000000,0,2018,8,9,0,41,3961.03,219.6611111111111,900.0,17.22222222222222,68.0,36.911581,-1.303874
354,2018-01-11 12:18:17.000000,0,2018,1,11,0,23,12625.88,2536.3,3573.0,1250.8,23056.0,35.340724,0.419457
355,2017-03-01 09:01:39.000000,0,2017,3,1,0,26,2927.5,888.2715625000001,2400.0,2821.28125,34632.0,36.802578,-1.297315
356,2017-07-10 13:52:34.000000,0,2017,7,10,0,28,7022.16,1494.7859375,3272.0,1456.96875,25347.0,34.928654,-0.16472
357,2018-07-02 15:31:00.000000,1,2018,7,2,0,35,3586.07,68.85949579831933,1575.0,329.38655462184875,17088.0,36.915787,-1.309505
358,2018-10-17 09:36:42.000000,1,2018,10,17,0,51,2261.04,376.10840336134453,4381.0,84.00840336134453,6162.0,38.007701,-1.345785
359,2018-03-10 22:58:23.000000,0,2018,3,10,1,31,119.66,482.43119047619047,4807.0,1121.1666666666667,32189.0,36.602358,-0.943512
360,2017-11-08 11:37:29.000000,1,2017,11,8,0,41,1477.27,0.0,0.0,0.0,0.0,36.8169925,-1.2636690000000002
361,2017-12-08 18:08:00.000000,0,2017,12,8,0,19,13207.55,1461.8833333333332,3098.0,44425.0,265810.0,37.032757,-1.129951
362,2017-08-04 03:44:29.000000,1,2017,8,4,0,42,1505.55,928.2807843137255,4277.0,428.88235294117646,13379.0,36.740515,-1.279938
363,2018-03-04 06:49:23.000000,0,2018,3,4,1,35,4578.27,1422.5823529411766,3600.0,-1011.5588235294117,1697.0,36.801161,-1.309697
364,2018-05-25 19:03:53.000000,0,2018,5,25,0,48,1872.83,1318.9357142857143,3700.0,215.97142857142856,5942.0,36.647799,-1.3613
365,2017-01-04 15:32:35.000000,1,2017,1,4,0,29,2456.81,3358.625,4100.0,252.75,1186.0,34.757909,-0.153254
366,2017-10-25 11:43:58.000000,1,2017,10,25,0,21,8986.06,85.8758208955224,1264.0,107.01492537313433,1126.0,36.917794,-1.24672
367,2016-06-16 07:37:08.815155,0,2016,6,16,0,20,11487.36,6.8,6.8,2.0,2.0,34.772174,0.295738
368,2017-05-26 17:34:37.000000,0,2017,5,26,0,29,14732.22,3500.3383561643836,4714.0,140.83561643835617,9048.0,36.653993,-0.731668
369,2018-07-05 06:17:12.000000,1,2018,7,5,0,30,16472.33,184.93111111111114,1511.0,19.833333333333332,147.0,36.829874,-1.316943
370,2016-08-17 14:18:13.498301,0,2016,8,17,0,20,15530.48,1262.6842105263158,2142.0,2.6315789473684212,6.0,36.852259,-1.279649
371,2018-01-17 18:28:53.000000,0,2018,1,17,0,36,2267.24,414.78999999999996,2041.0,291.8,1040.0,35.247897,0.501772
372,2017-09-13 10:20:29.000000,0,2017,9,13,0,31,4459.96,418.2919607843137,3100.0,172.68627450980392,2032.0,36.872781,-1.268532
373,2017-02-21 12:59:40.000000,0,2017,2,21,0,39,16222.92,853.8938461538462,1897.0,78.84615384615384,299.0,36.895956,-1.303653
374,2017-06-02 13:25:35.000000,0,2017,6,2,0,36,4798.64,702.9306666666668,3200.0,23.2,400.0,35.285967,-0.382732
375,2017-08-29 11:56:26.000000,0,2017,8,29,0,26,846.8,2300.0,2500.0,41.5,66.0,36.944766,-1.450067
376,2017-05-06 19:43:04.000000,1,2017,5,6,1,28,17488.18,321.56889570552147,4871.99,60.61349693251534,591.0,36.755482,-1.24908
377,2018-06-29 12:06:14.000000,0,2018,6,29,0,58,3323.61,921.8921428571429,4100.0,18793.071428571428,86679.0,35.144325,-0.207677
378,2017-09-05 15:49:55.000000,1,2017,9,5,0,36,1064.95,400.6708139534884,4127.0,77.15116279069767,876.0,36.805804,-1.287926
379,2017-05-19 08:10:48.000000,1,2017,5,19,0,51,21978.83,1528.661797752809,4556.0,1150.876404494382,56682.0,36.958764,-0.432872
380,2017-03-12 08:15:57.000000,0,2017,3,12,1,55,7107.28,1003.2252142857143,4149.0,203.77142857142857,5580.0,36.700174,-1.254483
381,2018-09-01 07:39:59.000000,0,2018,9,1,1,32,4958.55,3486.62725,5000.0,3099.3,19982.0,35.995595,-0.385368
382,2018-01-04 15:00:44.000000,0,2018,1,4,0,51,13833.7,1592.8666666666666,3453.0,387.44444444444446,1501.0,35.328997,-0.734404
383,2018-05-01 08:19:39.000000,0,2018,5,1,0,18,470.74,771.825,1065.0,153.5,598.0,36.879157,-1.289061
384,2018-05-11 08:01:42.000000,0,2018,5,11,0,63,13600.56,1603.2766666666666,2400.0,237.33333333333334,553.0,36.951749,-1.474643
385,2018-07-04 12:51:09.000000,0,2018,7,4,0,27,1450.25,2404.75,2746.0,215.5,359.0,37.081879,0.02806
386,2018-01-03 16:22:58.000000,0,2018,1,3,0,29,5311.3,2352.371052631579,3243.0,1600.0,17646.0,36.101734,-0.283529
387,2017-11-24 16:49:08.000000,0,2017,11,24,0,23,8575.27,705.1454545454545,3500.0,8233.636363636364,87208.0,36.793291,-1.30517
388,2016-06-21 11:26:38.000000,0,2016,6,21,0,31,11187.25,11.414285714285715,22.5,-37009.28571428572,42.0,39.753459,-3.944896
389,2017-09-27 11:25:54.000000,0,2017,9,27,0,35,17679.56,1736.3333333333333,2100.0,-11.25,161.0,37.638334,0.045869
390,2016-09-24 04:53:47.468062,0,2016,9,24,1,23,9210.91,3678.2042253521126,5000.0,840.3239436619718,53859.0,35.261308,0.53568
391,2017-05-09 04:26:58.000000,0,2017,5,9,0,18,4685.29,585.9403773584905,2700.0,11.924528301886792,114.0,36.691325,-1.198206
392,2018-06-30 06:00:15.000000,0,2018,6,30,1,27,15340.59,1105.0037037037036,3875.0,624.6666666666666,3679.0,39.606266,-4.009762
393,2017-09-25 12:16:43.000000,0,2017,9,25,0,33,3268.91,27.22,56.1,498.0,1948.0,36.888972,-1.25983
394,2016-11-19 11:55:36.041870,0,2016,11,19,1,29,922.23,1464.825,4000.0,2033.4375,19614.0,35.133216,-0.446327
395,2017-04-13 16:25:42.000000,0,2017,4,13,0,24,10325.06,267.1818181818182,2177.0,45907.181818181816,291251.0,39.676828,-4.049932
396,2016-10-10 12:20:18.367328,0,2016,10,10,0,29,1947.86,658.1790322580645,4300.0,86.2258064516129,528.0,35.274371,0.515861
397,2018-02-12 08:29:42.000000,0,2018,2,12,0,28,6099.13,1110.642857142857,1400.0,280.57142857142856,1566.0,36.893901,-1.33396
398,2016-08-30 11:01:41.879989,0,2016,8,30,0,24,7136.95,9.066666666666666,14.0,2.7777777777777777,11.0,37.648852,-0.231588
399,2016-09-11 08:14:06.034076,0,2016,9,11,1,62,18043.21,65.03,1200.0,30.65625,452.0,36.875467,-1.274002
400,2017-08-09 13:07:43.000000,0,2017,8,9,0,18,6277.52,3975.348148148148,5000.0,21.74074074074074,728.0,37.335989,-1.292213
